date,D,H,H2,H3,H4,SinD,CosD,T
1993-03-18,3.5200000000000005,63.839999999999996,4075.5455999999995,260182.83110399995,16610071.937679356,0.97,0.24,433
1993-03-29,3.5200000000000005,64.61,4174.4520999999995,269711.350181,17426050.33519441,1.0,0.06,444
1993-04-12,3.24,65.86999999999999,4338.856899999999,285800.50400299986,18825679.1986776,0.98,-0.18,458
1993-04-26,2.0500000000000007,69.23,4792.7929,331805.05246700003,22970863.782290414,0.91,-0.41,472
1993-05-11,2.6800000000000006,69.78999999999999,4870.644099999999,339922.2517389999,23723173.9488648,0.77,-0.63,487
1993-05-31,0.79,72.1,5198.409999999999,374805.3609999999,27023466.52809999,0.52,-0.86,507
1993-06-14,3.87,69.86,4880.4196,340946.113256,23818495.47206416,0.3,-0.95,521
1993-06-28,6.8100000000000005,66.22,4385.0884,290380.553848,19229000.27581456,0.06,-1.0,535
1993-07-13,7.86,66.36,4403.6496,292226.187456,19392129.79958016,-0.2,-0.98,550
1993-07-26,9.68,65.24,4256.257599999999,277678.2458239999,18115728.757557753,-0.41,-0.91,563
1993-08-09,11.57,62.65,3925.0225,245902.65962499997,15405801.625506248,-0.62,-0.79,577
1993-08-23,13.04,60.96999999999999,3717.340899999999,226646.27467299992,13818623.366812803,-0.79,-0.62,591
1993-09-06,13.739999999999998,61.10999999999999,3734.432099999999,228211.1456309999,13945983.109510403,-0.91,-0.41,605
1993-09-20,12.48,60.55,3666.3025,221994.61637499998,13441774.021506248,-0.98,-0.18,619
1993-10-04,10.66,59.709999999999994,3565.2840999999994,212883.11361099992,12711250.713712804,-1.0,0.06,633
1993-10-19,2.54,73.71,5433.164099999999,400478.5258109999,29519272.1375288,-0.95,0.31,648
1993-11-02,3.7300000000000004,69.64999999999999,4851.122499999999,337880.6821249999,23533389.510006238,-0.85,0.53,662
1993-11-15,4.92,66.43,4412.944900000001,293151.9297070001,19474082.690436017,-0.71,0.7,675
1993-11-29,4.57,65.16999999999999,4247.128899999999,276785.39041299984,18038103.893215194,-0.52,0.85,689
1993-12-14,2.54,67.61999999999999,4572.464399999999,309190.04272799985,20907430.68926735,-0.29,0.96,704
1993-12-28,1.910000000000001,67.75999999999999,4591.417599999999,311114.45657599985,21081115.57758975,-0.05,1.0,718
1994-01-10,-0.5399999999999991,74.55,5557.702499999999,414326.72137499996,30888057.078506246,0.17,0.99,731
1994-01-24,-0.9599999999999991,72.03,5188.3209,373714.754427,26918673.761376813,0.4,0.92,745
1994-02-07,-1.2399999999999984,71.75,5148.0625,369373.484375,26502547.50390625,0.61,0.79,759
1994-02-21,-0.9599999999999991,68.88,4744.4544,326798.01907199994,22509847.553679354,0.78,0.63,773
1994-03-07,-0.8899999999999988,70.77,5008.3929,354443.96553299995,25083999.440770403,0.91,0.42,787
1994-03-21,-0.049999999999998934,70.77,5008.3929,354443.96553299995,25083999.440770403,0.98,0.19,801
1994-04-05,-0.6799999999999997,72.86999999999999,5310.036899999998,386942.38890299987,28196491.879361596,1.0,-0.06,816
1994-04-18,-0.9599999999999991,74.69,5578.5961,416665.342709,31120734.446935207,0.96,-0.28,829
1994-04-28,-3.2699999999999996,76.3,5821.69,444194.9469999999,33892074.456099994,0.9,-0.44,839
1994-05-16,-1.5410000000000004,75.94999999999999,5768.402499999998,438110.1698749998,33274467.40200623,0.72,-0.7,857
1994-05-30,-1.0999999999999996,74.55,5557.702499999999,414326.72137499996,30888057.078506246,0.53,-0.85,871
1994-06-13,2.0500000000000007,72.94,5320.2436,388058.568184,28304991.963340957,0.31,-0.95,885
1994-06-27,3.7300000000000004,72.24,5218.6176,376992.9354239999,27233969.65502975,0.08,-1.0,899
1994-07-11,6.25,69.02,4763.760399999999,328794.74280799995,22693413.148608156,-0.16,-0.99,913
1994-07-25,9.54,67.61999999999999,4572.464399999999,309190.04272799985,20907430.68926735,-0.39,-0.92,927
1994-08-08,9.68,67.27,4525.2528999999995,304413.76258299995,20477913.808958404,-0.6,-0.8,941
1994-08-22,9.89,68.03999999999999,4629.441599999999,314987.2064639999,21431729.52781055,-0.77,-0.63,955
1994-09-05,10.45,67.34,4534.6756000000005,305365.054904,20563282.797235366,-0.9,-0.43,969
1994-09-19,8.91,66.99,4487.660099999999,300628.3500989999,20139093.173132002,-0.98,-0.2,983
1994-10-03,9.05,65.03,4228.900900000001,275005.42552700004,17883602.82202081,-1.0,0.04,997
1994-10-17,10.24,61.04,3725.8815999999997,227427.81286399998,13882193.69721856,-0.96,0.28,1011
1994-10-31,9.54,58.51999999999999,3424.5903999999987,200407.0302079999,11727819.407772152,-0.87,0.5,1025
1994-11-15,6.04,66.08,4366.5664,288542.707712,19066902.12560896,-0.71,0.7,1040
1994-11-29,6.390000000000001,63.839999999999996,4075.5455999999995,260182.83110399995,16610071.937679356,-0.52,0.85,1054
1994-12-12,6.53,61.669999999999995,3803.188899999999,234542.65946299993,14464245.809083205,-0.32,0.95,1067
1994-12-27,5.27,59.849999999999994,3582.022499999999,214384.04662499993,12830885.190506246,-0.07,1.0,1082
1995-01-09,3.45,65.94,4348.0836,286712.63258399995,18905830.992588956,0.15,0.99,1095
1995-01-23,1.9800000000000004,67.55,4563.0025,308230.81887499994,20820991.815006245,0.39,0.92,1109
1995-02-06,1.910000000000001,66.78,4459.5684,297809.97775200004,19887750.31427856,0.59,0.8,1123
1995-02-20,0.8600000000000012,70.0,4900.0,343000.0,24010000.0,0.77,0.64,1137
1995-03-06,0.3000000000000007,70.14,4919.6196,345062.11874400004,24202657.00870416,0.9,0.44,1151
1995-03-20,0.3700000000000001,68.46,4686.771599999999,320856.38373599993,21965828.03056655,0.98,0.21,1165
1995-04-03,2.4000000000000004,68.80999999999999,4734.816099999998,325802.69584099983,22418483.500819195,1.0,-0.03,1179
1995-04-18,3.87,69.23,4792.7929,331805.05246700003,22970863.782290414,0.96,-0.28,1194
1995-05-02,2.54,70.63,4988.5969,352344.59904699994,24886099.030689605,0.86,-0.5,1208
1995-05-15,3.1000000000000005,70.69999999999999,4998.489999999998,353393.24299999984,24984902.280099984,0.73,-0.68,1221
1995-05-29,3.66,70.98,5038.160400000001,357608.62519200006,25383060.216128167,0.55,-0.84,1235
1995-06-12,7.09,66.99,4487.660099999999,300628.3500989999,20139093.173132002,0.33,-0.94,1249
1995-06-26,8.7,65.86999999999999,4338.856899999999,285800.50400299986,18825679.1986776,0.09,-1.0,1263
1995-07-10,9.19,66.36,4403.6496,292226.187456,19392129.79958016,-0.15,-0.99,1277
1995-07-24,12.2,66.57,4431.564899999999,295009.27539299993,19638767.462912,-0.38,-0.93,1291
1995-08-07,12.129999999999999,66.78,4459.5684,297809.97775200004,19887750.31427856,-0.59,-0.81,1305
1995-08-21,13.18,66.08,4366.5664,288542.707712,19066902.12560896,-0.76,-0.65,1319
1995-09-04,13.81,65.94,4348.0836,286712.63258399995,18905830.992588956,-0.9,-0.44,1333
1995-09-19,11.57,65.59,4302.048100000001,282171.33487900003,18507617.854713615,-0.98,-0.2,1348
1995-10-02,11.36,64.68,4183.502400000001,270588.9352320001,17501692.330805767,-1.0,0.02,1361
1995-10-16,12.059999999999999,59.919999999999995,3590.4063999999994,215137.15148799994,12891018.117160955,-0.97,0.26,1375
1995-11-02,11.36,57.81999999999999,3343.152399999999,193301.07176799994,11176667.969625754,-0.85,0.53,1392
1995-11-13,10.45,57.74999999999999,3335.062499999999,192599.85937499994,11122641.878906244,-0.74,0.68,1403
1995-11-27,7.65,62.79,3942.5841,247554.855639,15543969.38557281,-0.55,0.83,1417
1995-12-12,6.25,60.339999999999996,3640.9155999999994,219692.84730399997,13256266.406323357,-0.32,0.95,1432
1995-12-27,3.66,67.96999999999998,4619.920899999998,314016.0235729998,21343669.12225679,-0.07,1.0,1447
1996-01-08,-1.8699999999999992,76.36999999999999,5832.376899999998,445418.6238529998,34016620.30365359,0.14,0.99,1459
1996-01-22,-2.219999999999999,75.03999999999999,5631.001599999999,422550.3600639999,31708179.019202545,0.37,0.93,1473
1996-02-05,-1.8699999999999992,72.30999999999999,5228.736099999998,378089.90739099984,27339681.203443192,0.58,0.81,1487
1996-02-21,-1.7300000000000004,70.77,5008.3929,354443.96553299995,25083999.440770403,0.78,0.63,1503
1996-03-04,-1.0299999999999994,69.23,4792.7929,331805.05246700003,22970863.782290414,0.89,0.45,1515
1996-03-18,0.3700000000000001,66.5,4422.25,294079.625,19556295.0625,0.97,0.23,1529
1996-04-02,-0.2599999999999998,69.86,4880.4196,340946.113256,23818495.47206416,1.0,-0.03,1544
1996-04-15,-0.049999999999998934,72.1,5198.409999999999,374805.3609999999,27023466.52809999,0.97,-0.25,1557
1996-04-30,-1.4220000000000006,73.99,5474.520099999999,405059.7421989999,29970370.325304,0.87,-0.49,1572
1996-05-15,-1.6600000000000001,74.83,5599.528899999999,419012.74758699996,31354723.90193521,0.72,-0.7,1587
1996-05-28,-0.8199999999999985,74.75999999999999,5589.057599999998,417837.9461759998,31237564.856117744,0.55,-0.84,1600
1996-06-11,1.9800000000000004,72.86999999999999,5310.036899999998,386942.38890299987,28196491.879361596,0.33,-0.94,1614
1996-06-25,4.15,73.28999999999999,5371.424099999999,393671.6722889999,28852196.862060796,0.09,-1.0,1628
1996-07-09,4.220000000000001,72.86999999999999,5310.036899999998,386942.38890299987,28196491.879361596,-0.15,-0.99,1642
1996-07-23,6.32,73.00999999999999,5330.460099999998,389176.8919009999,28413804.877691995,-0.38,-0.93,1656
1996-08-05,7.51,71.89,5168.1721,371539.892269,26710002.85521841,-0.57,-0.82,1669
1996-08-19,7.58,71.75,5148.0625,369373.484375,26502547.50390625,-0.75,-0.66,1683
1996-09-03,7.72,70.41999999999999,4958.976399999999,349211.1180879998,24591446.935756944,-0.9,-0.44,1698
1996-09-16,7.23,69.36999999999999,4812.196899999999,333822.09895299986,23157239.004369598,-0.97,-0.23,1711
1996-09-30,7.51,67.61999999999999,4572.464399999999,309190.04272799985,20907430.68926735,-1.0,0.0,1725
1996-10-15,7.86,63.489999999999995,4030.9800999999993,255926.92654899994,16248800.566596005,-0.97,0.26,1740
1996-10-28,8.07,62.16,3863.8655999999996,240177.88569599995,14929457.374863356,-0.88,0.47,1753
1996-11-11,6.95,61.04,3725.8815999999997,227427.81286399998,13882193.69721856,-0.75,0.66,1767
1996-11-25,3.7300000000000004,69.86,4880.4196,340946.113256,23818495.47206416,-0.57,0.82,1781
1996-12-09,4.15,63.559999999999995,4039.8735999999994,256774.36601599993,16320578.703976955,-0.35,0.94,1795
1996-12-26,4.15,62.36999999999999,3890.0168999999987,242620.3540529999,15132231.4822856,-0.07,1.0,1812
1997-01-06,3.3100000000000005,61.53,3785.9409,232948.94357700003,14333348.498292811,0.1,0.99,1823
1997-01-20,2.4699999999999998,64.19,4120.3561,264485.658059,16977334.390807208,0.34,0.94,1837
1997-02-03,1.910000000000001,65.52,4292.8704,281268.86860799993,18428736.271196157,0.55,0.83,1851
1997-02-17,0.3000000000000007,65.52,4292.8704,281268.86860799993,18428736.271196157,0.74,0.68,1865
1997-03-03,0.020000000000000462,68.53,4696.360900000001,321841.612477,22055805.70304881,0.88,0.48,1879
1997-03-18,1.2100000000000009,69.78999999999999,4870.644099999999,339922.2517389999,23723173.9488648,0.97,0.24,1894
1997-04-01,2.8900000000000006,66.85,4468.9225,298747.46912499995,19971268.311006244,1.0,0.0,1908
1997-04-15,1.1050000000000004,67.75999999999999,4591.417599999999,311114.45657599985,21081115.57758975,0.97,-0.23,1922
1997-04-28,2.96,68.46,4686.771599999999,320856.38373599993,21965828.03056655,0.9,-0.44,1935
1997-05-12,2.1899999999999995,70.55999999999999,4978.713599999998,351298.0316159998,24787589.110824943,0.76,-0.65,1949
1997-05-26,1.5600000000000005,72.52,5259.1503999999995,381393.58700799994,27658662.929820154,0.59,-0.81,1963
1997-06-09,0.79,74.27,5516.032899999999,409675.76348299993,30426618.953882404,0.38,-0.93,1977
1997-06-23,1.3500000000000005,73.71,5433.164099999999,400478.5258109999,29519272.1375288,0.15,-0.99,1991
1997-07-07,2.1899999999999995,73.21999999999998,5361.168399999998,392544.75024799973,28742126.613158535,-0.09,-1.0,2005
1997-07-21,4.71,71.67999999999999,5138.022399999999,368293.4456319999,26399274.182901748,-0.33,-0.94,2019
1997-08-04,7.09,73.21999999999998,5361.168399999998,392544.75024799973,28742126.613158535,-0.55,-0.84,2033
1997-08-18,7.3,72.30999999999999,5228.736099999998,378089.90739099984,27339681.203443192,-0.73,-0.68,2047
1997-09-01,7.0200000000000005,71.67999999999999,5138.022399999999,368293.4456319999,26399274.182901748,-0.87,-0.49,2061
1997-09-15,7.58,71.67999999999999,5138.022399999999,368293.4456319999,26399274.182901748,-0.96,-0.27,2075
1997-09-29,8.49,69.71999999999998,4860.878399999998,338900.44204799976,23628138.819586538,-1.0,-0.03,2089
1997-10-13,8.63,68.03999999999999,4629.441599999999,314987.2064639999,21431729.52781055,-0.98,0.21,2103
1997-10-27,7.93,67.69,4581.9361,310151.254609,20994138.424483206,-0.9,0.44,2117
1997-11-10,6.46,66.57,4431.564899999999,295009.27539299993,19638767.462912,-0.77,0.64,2131
1997-11-24,4.71,68.32,4667.622399999999,318891.9623679999,21786698.868981753,-0.59,0.8,2145
1997-12-09,4.01,65.86999999999999,4338.856899999999,285800.50400299986,18825679.1986776,-0.37,0.93,2160
1997-12-22,1.8399999999999999,71.19,5068.0161,360792.066159,25684787.189859208,-0.15,0.99,2173
1998-01-05,-0.33000000000000007,74.13,5495.256899999999,407363.39399699995,30197848.3969976,0.09,1.0,2187
1998-01-19,-0.049999999999998934,71.67999999999999,5138.022399999999,368293.4456319999,26399274.182901748,0.32,0.95,2201
1998-02-02,0.6500000000000004,65.59,4302.048100000001,282171.33487900003,18507617.854713615,0.54,0.84,2215
1998-02-16,0.6500000000000004,66.91999999999999,4478.286399999998,299686.9258879998,20055049.080424946,0.72,0.69,2229
1998-03-02,1.0,65.16999999999999,4247.128899999999,276785.39041299984,18038103.893215194,0.87,0.5,2243
1998-03-16,1.3500000000000005,66.78,4459.5684,297809.97775200004,19887750.31427856,0.96,0.28,2257
1998-03-30,1.5600000000000005,68.46,4686.771599999999,320856.38373599993,21965828.03056655,1.0,0.04,2271
1998-04-14,-2.92,74.34,5526.435600000001,410835.22250400006,30541490.440947365,0.98,-0.22,2286
1998-04-27,-2.8499999999999996,74.34,5526.435600000001,410835.22250400006,30541490.440947365,0.9,-0.43,2299
1998-05-11,-2.4299999999999997,74.48,5547.2704,413160.69939200004,30772208.890716165,0.77,-0.63,2313
1998-05-25,-0.049999999999998934,73.71,5433.164099999999,400478.5258109999,29519272.1375288,0.6,-0.8,2327
1998-06-08,-0.1899999999999995,73.71,5433.164099999999,400478.5258109999,29519272.1375288,0.39,-0.92,2341
1998-06-30,4.57,71.19,5068.0161,360792.066159,25684787.189859208,0.03,-1.0,2363
1998-07-13,5.2,70.69999999999999,4998.489999999998,353393.24299999984,24984902.280099984,-0.2,-0.98,2376
1998-07-27,6.46,69.71999999999998,4860.878399999998,338900.44204799976,23628138.819586538,-0.43,-0.91,2390
1998-08-10,7.37,69.50999999999999,4831.640099999999,335847.3033509999,23344746.055928,-0.63,-0.78,2404
1998-08-24,8.56,67.83,4600.908899999999,312079.65068699996,21168362.70609921,-0.8,-0.61,2418
1998-09-07,9.26,67.41,4544.1080999999995,306318.327021,20648918.424485605,-0.92,-0.4,2432
1998-09-21,9.89,65.30999999999999,4265.396099999998,278573.01929099986,18193603.889895197,-0.99,-0.17,2446
1998-10-06,7.93,67.34,4534.6756000000005,305365.054904,20563282.797235366,-1.0,0.09,2461
1998-10-19,7.44,66.71,4450.224099999999,296874.4497109999,19804494.5402208,-0.95,0.31,2474
1998-11-02,7.16,64.68,4183.502400000001,270588.9352320001,17501692.330805767,-0.85,0.53,2488
1998-11-16,6.6,63.419999999999995,4022.0963999999994,255081.35368799994,16177259.450892955,-0.7,0.71,2502
1998-11-30,5.76,61.31999999999999,3760.1423999999993,230571.93196799993,14138670.868277755,-0.51,0.86,2516
1998-12-14,6.6,53.83,2897.6688999999997,155981.51688699998,8396485.054027209,-0.29,0.96,2530
1998-12-28,5.9,53.55,2867.6024999999995,153560.11387499998,8223144.0980062485,-0.05,1.0,2544
1999-01-11,5.9,50.959999999999994,2596.921599999999,132339.12473599994,6744001.796546557,0.19,0.98,2558
1999-01-25,4.57,56.209999999999994,3159.564099999999,177599.09806099994,9982845.302008806,0.42,0.91,2572
1999-02-08,3.9400000000000004,55.51,3081.3601,171046.29915099998,9494780.065872008,0.62,0.78,2586
1999-02-22,3.380000000000001,54.31999999999999,2950.6623999999993,160279.98156799993,8706408.598773755,0.79,0.61,2600
1999-03-08,3.8000000000000007,53.41,2852.6280999999994,152358.86682099997,8137487.076909608,0.91,0.41,2614
1999-03-22,4.15,56.559999999999995,3199.0335999999993,180937.34041599996,10233815.973928956,0.98,0.18,2628
1999-04-06,4.36,59.15,3498.7225,206949.435875,12241059.132006248,1.0,-0.08,2643
1999-04-19,4.15,60.48,3657.8304,221225.58259199996,13379723.235164158,0.95,-0.3,2656
1999-05-03,2.330000000000001,66.22,4385.0884,290380.553848,19229000.27581456,0.85,-0.52,2670
1999-05-17,1.3500000000000005,70.49,4968.840099999999,350253.53864899994,24689371.939368002,0.71,-0.71,2684
1999-05-31,2.0500000000000007,71.33,5087.9689,362924.82163699996,25887427.52736721,0.52,-0.86,2698
1999-06-14,2.6100000000000003,72.52,5259.1503999999995,381393.58700799994,27658662.929820154,0.3,-0.95,2712
1999-06-28,4.01,71.46999999999998,5107.960899999998,365065.96552299976,26091264.55592879,0.06,-1.0,2726
1999-07-13,6.67,69.86,4880.4196,340946.113256,23818495.47206416,-0.2,-0.98,2741
1999-07-26,8.63,68.6,4705.959999999999,322828.8559999999,22146059.521599993,-0.41,-0.91,2754
1999-08-09,8.84,67.27,4525.2528999999995,304413.76258299995,20477913.808958404,-0.62,-0.79,2768
1999-08-23,9.959999999999999,66.43,4412.944900000001,293151.9297070001,19474082.690436017,-0.79,-0.62,2782
1999-09-06,11.29,64.89,4210.7121,273233.108169,17730096.38908641,-0.91,-0.41,2796
1999-09-27,7.23,70.28,4939.2784,347132.485952,24396471.11270656,-1.0,-0.06,2817
1999-10-11,7.86,67.05999999999999,4497.043599999998,301571.7438159998,20223401.140300944,-0.98,0.18,2831
1999-10-25,5.9,70.14,4919.6196,345062.11874400004,24202657.00870416,-0.91,0.41,2845
1999-11-08,3.9400000000000004,71.53999999999999,5117.971599999999,366139.6882639999,26193633.29840655,-0.79,0.61,2859
1999-11-22,3.45,68.03999999999999,4629.441599999999,314987.2064639999,21431729.52781055,-0.62,0.78,2873
1999-12-06,3.3100000000000005,66.28999999999999,4394.364099999999,291302.3961889999,19310435.843368802,-0.42,0.91,2887
1999-12-20,1.2800000000000002,69.78999999999999,4870.644099999999,339922.2517389999,23723173.9488648,-0.19,0.98,2901
2000-01-03,0.7200000000000006,70.77,5008.3929,354443.96553299995,25083999.440770403,0.05,1.0,2915
2000-01-17,1.0,67.13,4506.4369,302517.1090969999,20307973.533681605,0.29,0.96,2929
2000-01-31,1.0700000000000003,63.06999999999999,3977.824899999999,250881.4164429999,15823090.935060004,0.51,0.86,2943
2000-02-14,1.9800000000000004,61.459999999999994,3777.331599999999,232154.80013599992,14268234.016358554,0.7,0.71,2957
2000-02-28,1.8399999999999999,61.88,3829.1344000000004,236946.83667200003,14662270.253263362,0.85,0.53,2971
2000-03-13,2.6800000000000006,63.06999999999999,3977.824899999999,250881.4164429999,15823090.935060004,0.95,0.31,2985
2000-03-27,2.4699999999999998,63.14,3986.6596,251717.687144,15893454.766272161,1.0,0.07,2999
2000-04-10,1.7700000000000005,64.61,4174.4520999999995,269711.350181,17426050.33519441,0.99,-0.17,3013
2000-04-26,-2.709999999999999,73.14999999999999,5350.922499999999,391419.9808749999,28632371.601006236,0.9,-0.43,3029
2000-05-08,-2.08,72.52,5259.1503999999995,381393.58700799994,27658662.929820154,0.8,-0.61,3041
2000-05-22,1.5600000000000005,69.02,4763.760399999999,328794.74280799995,22693413.148608156,0.63,-0.78,3055
2000-06-05,4.01,66.5,4422.25,294079.625,19556295.0625,0.43,-0.91,3069
2000-06-19,6.6,66.5,4422.25,294079.625,19556295.0625,0.2,-0.98,3083
2000-07-03,6.53,66.78,4459.5684,297809.97775200004,19887750.31427856,-0.04,-1.0,3097
2000-07-17,9.05,64.25999999999999,4129.347599999999,265351.8767759999,17051511.60162575,-0.28,-0.96,3111
2000-07-31,9.959999999999999,63.14,3986.6596,251717.687144,15893454.766272161,-0.5,-0.87,3125
2000-08-16,11.64,61.739999999999995,3811.827599999999,235342.23602399995,14530029.652121754,-0.72,-0.7,3141
2000-08-28,11.57,61.31999999999999,3760.1423999999993,230571.93196799993,14138670.868277755,-0.85,-0.53,3153
2000-09-11,12.27,61.459999999999994,3777.331599999999,232154.80013599992,14268234.016358554,-0.95,-0.32,3167
2000-09-25,11.709999999999999,59.64,3556.9296,212135.28134400002,12651748.17935616,-1.0,-0.08,3181
2000-10-09,10.8,59.64,3556.9296,212135.28134400002,12651748.17935616,-0.99,0.16,3195
2000-10-23,8.56,61.10999999999999,3734.432099999999,228211.1456309999,13945983.109510403,-0.92,0.39,3209
2000-11-06,5.41,67.13,4506.4369,302517.1090969999,20307973.533681605,-0.8,0.6,3223
2000-11-20,4.01,66.00999999999999,4357.320099999999,287626.6998009999,18986238.453864,-0.64,0.77,3237
2000-12-04,2.1899999999999995,69.23,4792.7929,331805.05246700003,22970863.782290414,-0.43,0.9,3251
2000-12-18,-2.1499999999999986,75.11,5641.5121,423733.973831,31826658.77444641,-0.21,0.98,3265
2001-01-03,-3.4799999999999986,75.25,5662.5625,426107.828125,32064614.06640625,0.05,1.0,3281
2001-01-15,-2.4299999999999997,72.59,5269.3081,382499.074979,27765607.852725614,0.26,0.97,3293
2001-01-29,-3.620000000000001,73.36,5381.6896,394800.749056,28962582.95074816,0.48,0.88,3307
2001-02-12,-2.639999999999999,71.89,5168.1721,371539.892269,26710002.85521841,0.67,0.74,3321
2001-02-28,-0.8199999999999985,67.41,4544.1080999999995,306318.327021,20648918.424485605,0.85,0.53,3337
2001-03-15,-2.7799999999999994,72.16999999999999,5208.508899999998,375898.0873129998,27128564.961379193,0.96,0.29,3352
2001-04-02,-2.219999999999999,72.1,5198.409999999999,374805.3609999999,27023466.52809999,1.0,-0.01,3370
2001-04-17,0.5100000000000007,68.94999999999999,4754.102499999998,327795.36737499986,22601490.580506235,0.96,-0.27,3385
2001-04-30,-0.8199999999999985,70.77,5008.3929,354443.96553299995,25083999.440770403,0.88,-0.47,3398
2001-05-14,-0.6799999999999997,71.25999999999999,5077.987599999999,361857.39637599984,25785958.065753747,0.74,-0.67,3412
2001-05-28,2.8900000000000006,69.64999999999999,4851.122499999999,337880.6821249999,23533389.510006238,0.56,-0.83,3426
2001-06-11,4.85,68.03999999999999,4629.441599999999,314987.2064639999,21431729.52781055,0.35,-0.94,3440
2001-06-25,7.0200000000000005,67.89999999999999,4610.409999999999,313046.83899999986,21255880.368099988,0.11,-0.99,3454
2001-07-09,7.0200000000000005,67.89999999999999,4610.409999999999,313046.83899999986,21255880.368099988,-0.13,-0.99,3468
2001-07-23,8.0,66.91999999999999,4478.286399999998,299686.9258879998,20055049.080424946,-0.36,-0.93,3482
2001-08-06,9.75,65.86999999999999,4338.856899999999,285800.50400299986,18825679.1986776,-0.57,-0.82,3496
2001-08-20,9.89,65.38,4274.5444,279469.71287199995,18271729.827571355,-0.75,-0.66,3510
2001-09-03,11.29,63.699999999999996,4057.6899999999996,258474.85299999994,16464848.136099996,-0.89,-0.46,3524
2001-09-17,12.62,60.61999999999999,3674.7843999999986,222765.4303279999,13504040.38648335,-0.97,-0.23,3538
2001-10-01,11.64,59.21999999999999,3507.008399999999,207685.0374479999,12299107.917670554,-1.0,0.0,3552
2001-10-15,10.59,59.00999999999999,3482.180099999999,205483.4477009999,12125578.248836003,-0.97,0.24,3566
2001-10-29,7.65,64.61,4174.4520999999995,269711.350181,17426050.33519441,-0.88,0.47,3580
2001-11-12,6.32,64.96,4219.801599999999,274118.3119359999,17806725.543362554,-0.75,0.66,3594
2001-11-26,6.390000000000001,65.86999999999999,4338.856899999999,285800.50400299986,18825679.1986776,-0.57,0.82,3608
2001-12-10,6.46,65.86999999999999,4338.856899999999,285800.50400299986,18825679.1986776,-0.35,0.94,3622
2001-12-25,4.619,62.99999999999999,3968.999999999999,250046.9999999999,15752960.999999993,-0.1,0.99,3637
2002-01-07,3.0300000000000002,61.31999999999999,3760.1423999999993,230571.93196799993,14138670.868277755,0.12,0.99,3650
2002-01-21,2.8200000000000003,60.55,3666.3025,221994.61637499998,13441774.021506248,0.35,0.94,3664
2002-02-04,2.330000000000001,62.36999999999999,3890.0168999999987,242620.3540529999,15132231.4822856,0.57,0.82,3678
2002-02-18,0.580000000000001,66.22,4385.0884,290380.553848,19229000.27581456,0.75,0.66,3692
2002-03-04,-0.1899999999999995,67.34,4534.6756000000005,305365.054904,20563282.797235366,0.88,0.47,3706
2002-03-18,-1.2399999999999984,69.86,4880.4196,340946.113256,23818495.47206416,0.97,0.24,3720
2002-04-02,-0.2599999999999998,71.53999999999999,5117.971599999999,366139.6882639999,26193633.29840655,1.0,-0.01,3735
2002-04-15,-0.8899999999999988,70.41999999999999,4958.976399999999,349211.1180879998,24591446.935756944,0.97,-0.23,3748
2002-04-29,1.8399999999999999,69.64999999999999,4851.122499999999,337880.6821249999,23533389.510006238,0.89,-0.46,3762
2002-05-13,0.79,70.28,4939.2784,347132.485952,24396471.11270656,0.75,-0.66,3776
2002-05-27,0.7200000000000006,70.77,5008.3929,354443.96553299995,25083999.440770403,0.57,-0.82,3790
2002-06-11,1.0700000000000003,71.25999999999999,5077.987599999999,361857.39637599984,25785958.065753747,0.35,-0.94,3805
2002-06-25,4.57,69.86,4880.4196,340946.113256,23818495.47206416,0.11,-0.99,3819
2002-07-08,6.46,67.83,4600.908899999999,312079.65068699996,21168362.70609921,-0.11,-0.99,3832
2002-07-22,9.19,63.98,4093.4403999999995,261898.31679199997,16756254.308352157,-0.35,-0.94,3846
2002-08-05,10.87,62.36999999999999,3890.0168999999987,242620.3540529999,15132231.4822856,-0.56,-0.83,3860
2002-08-19,11.85,60.75999999999999,3691.777599999999,224312.4069759999,13629221.847861752,-0.74,-0.67,3874
2002-09-02,12.2,59.709999999999994,3565.2840999999994,212883.11361099992,12711250.713712804,-0.88,-0.47,3888
2002-09-16,11.92,58.589999999999996,3432.7880999999998,201127.05477899997,11784034.139501607,-0.97,-0.25,3902
2002-09-30,11.43,58.73,3449.2128999999995,202572.27361699997,11897069.629526408,-1.0,-0.01,3916
2002-10-14,10.24,59.00999999999999,3482.180099999999,205483.4477009999,12125578.248836003,-0.97,0.23,3930
2002-10-28,5.69,70.35,4949.1224999999995,348170.7678749999,24493813.520006243,-0.89,0.45,3944
2002-11-11,3.5200000000000005,72.24,5218.6176,376992.9354239999,27233969.65502975,-0.76,0.65,3958
2002-11-25,1.7700000000000005,71.61,5127.9920999999995,367215.514281,26296302.97766241,-0.58,0.81,3972
2002-12-09,0.23000000000000043,72.38,5238.8643999999995,379189.0052719999,27445700.201587353,-0.37,0.93,3986
2002-12-23,0.08999999999999986,71.82,5158.112399999999,370455.6325679999,26606123.53103375,-0.14,0.99,4000
2003-01-06,-0.6099999999999994,71.75,5148.0625,369373.484375,26502547.50390625,0.1,0.99,4014
2003-01-20,-2.1499999999999986,73.28999999999999,5371.424099999999,393671.6722889999,28852196.862060796,0.34,0.94,4028
2003-02-03,-0.8199999999999985,68.17999999999999,4648.512399999999,316935.5754319999,21608667.53295375,0.55,0.83,4042
2003-02-17,-1.4499999999999993,69.02,4763.760399999999,328794.74280799995,22693413.148608156,0.74,0.68,4056
2003-03-03,-1.0999999999999996,68.32,4667.622399999999,318891.9623679999,21786698.868981753,0.88,0.48,4070
2003-03-17,0.16000000000000103,68.17999999999999,4648.512399999999,316935.5754319999,21608667.53295375,0.97,0.26,4084
2003-03-31,-0.8199999999999985,70.35,4949.1224999999995,348170.7678749999,24493813.520006243,1.0,0.02,4098
2003-04-14,-1.7300000000000004,73.57,5412.544899999999,398200.9282929999,29295642.294516,0.98,-0.22,4112
2003-04-28,-1.2399999999999984,72.52,5259.1503999999995,381393.58700799994,27658662.929820154,0.9,-0.44,4126
2003-05-12,-0.46999999999999886,73.08,5340.6864,390297.36211199994,28522931.223144956,0.76,-0.65,4140
2003-06-02,1.6300000000000008,73.28999999999999,5371.424099999999,393671.6722889999,28852196.862060796,0.49,-0.87,4161
2003-06-16,3.7300000000000004,72.52,5259.1503999999995,381393.58700799994,27658662.929820154,0.26,-0.96,4175
2003-06-30,4.640000000000001,71.75,5148.0625,369373.484375,26502547.50390625,0.03,-1.0,4189
2003-07-14,6.53,70.77,5008.3929,354443.96553299995,25083999.440770403,-0.21,-0.98,4203
2003-07-28,7.09,70.0,4900.0,343000.0,24010000.0,-0.44,-0.9,4217
2003-08-11,10.87,67.34,4534.6756000000005,305365.054904,20563282.797235366,-0.64,-0.77,4231
2003-08-25,11.709999999999999,66.28999999999999,4394.364099999999,291302.3961889999,19310435.843368802,-0.81,-0.59,4245
2003-09-09,10.03,66.5,4422.25,294079.625,19556295.0625,-0.93,-0.37,4260
2003-09-22,11.15,64.82,4201.6323999999995,272349.8121679999,17653714.82472975,-0.99,-0.15,4273
2003-10-07,10.1,64.33,4138.3489,266219.98473699996,17125931.61813121,-0.99,0.11,4288
2003-10-20,9.05,64.05,4102.402499999999,262758.88012499997,16829706.272006247,-0.95,0.33,4301
2003-11-04,7.44,63.489999999999995,4030.9800999999993,255926.92654899994,16248800.566596005,-0.83,0.56,4316
2003-11-17,6.11,64.05,4102.402499999999,262758.88012499997,16829706.272006247,-0.69,0.73,4329
2003-12-02,2.6800000000000006,69.44,4821.9136,334833.68038399995,23250850.765864957,-0.48,0.88,4344
2003-12-15,2.12,67.61999999999999,4572.464399999999,309190.04272799985,20907430.68926735,-0.27,0.96,4357
2004-01-05,2.1899999999999995,65.24,4256.257599999999,277678.2458239999,18115728.757557753,0.09,1.0,4378
2004-01-19,0.5100000000000007,67.89999999999999,4610.409999999999,313046.83899999986,21255880.368099988,0.32,0.95,4392
2004-02-03,-0.049999999999998934,67.89999999999999,4610.409999999999,313046.83899999986,21255880.368099988,0.55,0.83,4407
2004-02-16,1.2100000000000009,65.38,4274.5444,279469.71287199995,18271729.827571355,0.72,0.69,4420
2004-03-01,0.020000000000000462,66.28999999999999,4394.364099999999,291302.3961889999,19310435.843368802,0.87,0.5,4434
2004-03-15,-0.33000000000000007,67.89999999999999,4610.409999999999,313046.83899999986,21255880.368099988,0.96,0.28,4448
2004-03-29,-0.3999999999999986,68.88,4744.4544,326798.01907199994,22509847.553679354,1.0,0.04,4462
2004-04-13,-0.8899999999999988,70.77,5008.3929,354443.96553299995,25083999.440770403,0.98,-0.22,4477
2004-04-27,-0.6099999999999994,72.24,5218.6176,376992.9354239999,27233969.65502975,0.9,-0.44,4491
2004-05-10,-1.799999999999999,73.28999999999999,5371.424099999999,393671.6722889999,28852196.862060796,0.77,-0.63,4504
2004-05-24,-0.049999999999998934,73.99,5474.520099999999,405059.7421989999,29970370.325304,0.6,-0.8,4518
2004-06-07,2.0500000000000007,73.71,5433.164099999999,400478.5258109999,29519272.1375288,0.39,-0.92,4532
2004-06-21,4.08,72.86999999999999,5310.036899999998,386942.38890299987,28196491.879361596,0.16,-0.99,4546
2004-07-05,5.130000000000001,73.14999999999999,5350.922499999999,391419.9808749999,28632371.601006236,-0.08,-1.0,4560
2004-07-19,5.34,73.91999999999999,5464.166399999998,403911.1802879998,29857114.44688894,-0.31,-0.95,4574
2004-08-02,7.86,71.61,5127.9920999999995,367215.514281,26296302.97766241,-0.53,-0.85,4588
2004-08-16,7.37,71.67999999999999,5138.022399999999,368293.4456319999,26399274.182901748,-0.72,-0.7,4602
2004-08-30,6.67,73.28999999999999,5371.424099999999,393671.6722889999,28852196.862060796,-0.86,-0.5,4616
2004-09-12,7.65,71.46999999999998,5107.960899999998,365065.96552299976,26091264.55592879,-0.95,-0.3,4629
2004-09-27,9.33,67.55,4563.0025,308230.81887499994,20820991.815006245,-1.0,-0.05,4644
2004-10-12,7.58,68.25,4658.0625,317912.765625,21697546.25390625,-0.98,0.21,4659
2004-10-25,4.430000000000001,72.03,5188.3209,373714.754427,26918673.761376813,-0.91,0.42,4672
2004-11-08,3.66,70.77,5008.3929,354443.96553299995,25083999.440770403,-0.78,0.63,4686
2004-11-22,3.87,67.34,4534.6756000000005,305365.054904,20563282.797235366,-0.61,0.79,4700
2004-12-06,3.9400000000000004,63.839999999999996,4075.5455999999995,260182.83110399995,16610071.937679356,-0.4,0.92,4714
2004-12-20,4.01,61.39,3768.7321,231362.46361900002,14203341.64157041,-0.17,0.99,4728
2005-01-04,2.6800000000000006,62.16,3863.8655999999996,240177.88569599995,14929457.374863356,0.07,1.0,4743
2005-01-17,1.9800000000000004,62.58,3916.2563999999998,245079.32551199998,15337064.190540958,0.29,0.96,4756
2005-01-31,1.8399999999999999,61.39,3768.7321,231362.46361900002,14203341.64157041,0.51,0.86,4770
2005-02-14,2.1899999999999995,59.43,3531.9249,209902.296807,12474493.49924001,0.7,0.71,4784
2005-02-28,2.330000000000001,56.76999999999999,3222.8328999999985,182960.2237329999,10386651.901322402,0.85,0.53,4798
2005-03-14,3.380000000000001,53.55,2867.6024999999995,153560.11387499998,8223144.0980062485,0.95,0.31,4812
2005-03-29,3.1000000000000005,58.239999999999995,3391.8975999999993,197544.11622399994,11504969.328885756,1.0,0.06,4827
2005-04-11,3.17,60.55,3666.3025,221994.61637499998,13441774.021506248,0.99,-0.17,4840
2005-04-26,2.4699999999999998,62.65,3925.0225,245902.65962499997,15405801.625506248,0.91,-0.41,4855
2005-05-09,3.7300000000000004,64.11999999999999,4111.374399999999,263621.3265279999,16903399.45697535,0.8,-0.61,4868
2005-05-23,3.24,66.14999999999999,4375.822499999999,289460.6583749999,19147822.55150624,0.63,-0.78,4882
2005-06-06,5.83,66.5,4422.25,294079.625,19556295.0625,0.43,-0.91,4896
2005-06-20,8.14,66.5,4422.25,294079.625,19556295.0625,0.2,-0.98,4910
2005-07-04,8.91,66.43,4412.944900000001,293151.9297070001,19474082.690436017,-0.04,-1.0,4924
2005-07-18,9.89,66.71,4450.224099999999,296874.4497109999,19804494.5402208,-0.28,-0.96,4938
2005-08-01,9.89,66.28999999999999,4394.364099999999,291302.3961889999,19310435.843368802,-0.5,-0.87,4952
2005-08-16,13.32,63.63,4048.7769000000003,257623.67414700004,16392594.385973612,-0.71,-0.71,4967
2005-08-29,13.18,62.93,3960.1848999999997,249214.435757,15683064.44218801,-0.85,-0.53,4980
2005-09-12,12.059999999999999,62.23,3872.5728999999997,240990.21156699996,14996820.865814406,-0.95,-0.32,4994
2005-09-26,12.41,61.669999999999995,3803.188899999999,234542.65946299993,14464245.809083205,-1.0,-0.08,5008
2005-10-10,12.129999999999999,60.199999999999996,3624.0399999999995,218167.20799999996,13133665.921599997,-0.99,0.16,5022
2005-10-24,10.24,61.459999999999994,3777.331599999999,232154.80013599992,14268234.016358554,-0.92,0.39,5036
2005-11-07,6.46,67.69,4581.9361,310151.254609,20994138.424483206,-0.8,0.6,5050
2005-11-21,4.71,68.88,4744.4544,326798.01907199994,22509847.553679354,-0.64,0.77,5064
2005-12-05,3.1000000000000005,68.32,4667.622399999999,318891.9623679999,21786698.868981753,-0.43,0.9,5078
2005-12-19,2.2600000000000007,67.19999999999999,4515.839999999998,303464.44799999986,20392810.905599985,-0.21,0.98,5092
2006-01-03,0.9300000000000006,68.03999999999999,4629.441599999999,314987.2064639999,21431729.52781055,0.05,1.0,5107
2006-01-16,0.3700000000000001,66.85,4468.9225,298747.46912499995,19971268.311006244,0.27,0.96,5120
2006-01-30,1.1399999999999997,63.209999999999994,3995.504099999999,252555.81416099993,15964053.013116803,0.49,0.87,5134
2006-02-13,2.0500000000000007,61.31999999999999,3760.1423999999993,230571.93196799993,14138670.868277755,0.69,0.73,5148
2006-03-01,-0.049999999999998934,64.68,4183.502400000001,270588.9352320001,17501692.330805767,0.86,0.51,5164
2006-03-13,-1.6600000000000001,69.23,4792.7929,331805.05246700003,22970863.782290414,0.95,0.33,5176
2006-04-03,-1.6600000000000001,71.19,5068.0161,360792.066159,25684787.189859208,1.0,-0.03,5197
2006-04-18,-1.4499999999999993,72.24,5218.6176,376992.9354239999,27233969.65502975,0.96,-0.28,5212
2006-05-02,-0.3999999999999986,73.14999999999999,5350.922499999999,391419.9808749999,28632371.601006236,0.86,-0.5,5226
2006-05-15,0.4400000000000004,73.14999999999999,5350.922499999999,391419.9808749999,28632371.601006236,0.73,-0.68,5239
2006-05-29,2.8200000000000003,71.25999999999999,5077.987599999999,361857.39637599984,25785958.065753747,0.55,-0.84,5253
2006-06-12,5.62,69.78999999999999,4870.644099999999,339922.2517389999,23723173.9488648,0.33,-0.94,5267
2006-06-27,6.53,69.71999999999998,4860.878399999998,338900.44204799976,23628138.819586538,0.08,-1.0,5282
2006-07-11,8.63,68.03999999999999,4629.441599999999,314987.2064639999,21431729.52781055,-0.16,-0.99,5296
2006-07-24,10.8,67.55,4563.0025,308230.81887499994,20820991.815006245,-0.38,-0.93,5309
2006-08-07,12.41,65.52,4292.8704,281268.86860799993,18428736.271196157,-0.59,-0.81,5323
2006-08-22,12.27,63.98,4093.4403999999995,261898.31679199997,16756254.308352157,-0.77,-0.63,5338
2006-09-04,14.37,61.04,3725.8815999999997,227427.81286399998,13882193.69721856,-0.9,-0.44,5351
2006-09-18,14.16,58.099999999999994,3375.609999999999,196122.94099999993,11394742.872099996,-0.98,-0.22,5365
2006-10-02,12.83,58.589999999999996,3432.7880999999998,201127.05477899997,11784034.139501607,-1.0,0.02,5379
2006-10-17,11.29,60.339999999999996,3640.9155999999994,219692.84730399997,13256266.406323357,-0.96,0.28,5394
2006-10-30,8.0,69.321,4805.401041,333115.205563161,23091879.16484388,-0.88,0.48,5407
2006-11-13,8.21,65.688,4314.9133440000005,283438.02774067206,18618477.166229267,-0.74,0.68,5421
2006-11-27,4.92,69.58,4841.3764,336862.969912,23438925.44647696,-0.55,0.83,5435
2006-12-11,1.9800000000000004,71.82,5158.112399999999,370455.6325679999,26606123.53103375,-0.34,0.94,5449
2006-12-22,3.051,66.99,4487.660099999999,300628.3500989999,20139093.173132002,-0.15,0.99,5460
2007-01-03,2.8200000000000003,66.14999999999999,4375.822499999999,289460.6583749999,19147822.55150624,0.05,1.0,5472
2007-01-15,3.1000000000000005,63.839999999999996,4075.5455999999995,260182.83110399995,16610071.937679356,0.26,0.97,5484
2007-01-29,3.3100000000000005,60.96999999999999,3717.340899999999,226646.27467299992,13818623.366812803,0.48,0.88,5498
2007-02-12,2.6100000000000003,62.58,3916.2563999999998,245079.32551199998,15337064.190540958,0.67,0.74,5512
2007-02-26,-0.6799999999999997,70.14,4919.6196,345062.11874400004,24202657.00870416,0.83,0.56,5526
2007-03-12,0.020000000000000462,69.44,4821.9136,334833.68038399995,23250850.765864957,0.94,0.34,5540
2007-03-26,0.16000000000000103,69.44,4821.9136,334833.68038399995,23250850.765864957,0.99,0.11,5554
2007-04-10,0.5100000000000007,68.6,4705.959999999999,322828.8559999999,22146059.521599993,0.99,-0.15,5569
2007-04-23,2.8900000000000006,67.96999999999998,4619.920899999998,314016.0235729998,21343669.12225679,0.93,-0.37,5582
2007-05-07,2.12,69.58,4841.3764,336862.969912,23438925.44647696,0.82,-0.58,5596
2007-05-22,3.380000000000001,69.50999999999999,4831.640099999999,335847.3033509999,23344746.055928,0.64,-0.77,5611
2007-06-04,3.87,70.0,4900.0,343000.0,24010000.0,0.46,-0.89,5624
2007-06-18,4.08,69.78999999999999,4870.644099999999,339922.2517389999,23723173.9488648,0.23,-0.97,5638
2007-07-02,3.5900000000000007,71.96,5178.241599999999,372626.2655359999,26814186.06797055,-0.01,-1.0,5652
2007-07-16,5.970000000000001,70.28,4939.2784,347132.485952,24396471.11270656,-0.25,-0.97,5666
2007-07-30,7.79,68.88,4744.4544,326798.01907199994,22509847.553679354,-0.47,-0.88,5680
2007-08-13,9.82,66.43,4412.944900000001,293151.9297070001,19474082.690436017,-0.67,-0.74,5694
2007-08-27,10.17,65.24,4256.257599999999,277678.2458239999,18115728.757557753,-0.83,-0.56,5708
2007-09-10,12.55,61.31999999999999,3760.1423999999993,230571.93196799993,14138670.868277755,-0.94,-0.35,5722
2007-09-24,12.69,60.61999999999999,3674.7843999999986,222765.4303279999,13504040.38648335,-0.99,-0.12,5736
2007-10-08,12.2,57.959999999999994,3359.3615999999993,194708.59833599994,11285310.359554555,-0.99,0.12,5750
2007-10-22,11.78,57.33,3286.7288999999996,188428.167837,10802586.862095209,-0.93,0.36,5764
2007-11-05,11.36,54.809999999999995,3004.1360999999993,164656.69964099996,9024833.707323207,-0.82,0.57,5778
2007-11-19,10.59,52.99,2807.9401000000003,148792.74589900003,7884527.605188011,-0.66,0.75,5792
2007-12-04,9.05,52.99,2807.9401000000003,148792.74589900003,7884527.605188011,-0.45,0.89,5807
2007-12-17,7.86,52.849999999999994,2793.1224999999995,147616.52412499994,7801533.300006246,-0.24,0.97,5820
2008-01-02,6.25,53.13,2822.7969000000003,149975.199297,7968182.338649612,0.03,1.0,5836
2008-01-14,4.290000000000001,58.687999999999995,3444.2813439999995,202137.98351667196,11863073.976626443,0.24,0.97,5848
2008-01-28,3.3100000000000005,60.584999999999994,3670.5422249999992,222379.80070162492,13472880.225507945,0.46,0.89,5862
2008-02-11,2.8900000000000006,61.51599999999999,3784.2182559999987,232789.9702360959,14320307.809043674,0.66,0.75,5876
2008-02-25,3.5200000000000005,60.37499999999999,3645.140624999999,220075.3652343749,13287050.176025385,0.82,0.57,5890
2008-03-10,3.87,60.21399999999999,3625.725795999999,218319.4530803439,13145887.547779826,0.93,0.36,5904
2008-03-24,2.96,61.061,3728.445721,227662.624169981,13901307.49444321,0.99,0.12,5918
2008-04-07,3.9400000000000004,62.629,3922.3916409999997,245655.46608418899,15385156.18538667,0.99,-0.12,5932
2008-04-22,-0.049999999999998934,70.315,4944.199224999999,347651.36850587494,24445105.9764906,0.93,-0.37,5947
2008-05-09,0.3000000000000007,71.631,5131.000161,367538.672532591,26327162.652182028,0.79,-0.62,5964
2008-05-20,1.3500000000000005,70.413,4957.990569,349106.98993499693,24581670.48229294,0.66,-0.76,5975
2008-06-02,1.4900000000000002,70.917,5029.220889,356657.257785213,25293062.75035395,0.47,-0.88,5988
2008-06-16,4.08,69.74799999999999,4864.783503999999,339308.9198369919,23666118.540790506,0.25,-0.97,6002
2008-06-30,6.95,68.66999999999999,4715.568899999998,323818.11636299983,22236590.050647195,0.01,-1.0,6016
2008-07-14,6.95,68.46,4686.771599999999,320856.38373599993,21965828.03056655,-0.23,-0.97,6030
2008-07-28,9.19,67.298,4529.020804000001,304794.04206759203,20512029.44306481,-0.46,-0.89,6044
2008-08-11,9.54,67.27,4525.2528999999995,304413.76258299995,20477913.808958404,-0.66,-0.76,6058
2008-08-25,9.61,66.64,4440.8896,295940.882944,19721500.43938816,-0.82,-0.58,6072
2008-09-08,9.26,67.207,4516.780848999999,303559.2905187429,20401309.237893153,-0.93,-0.37,6086
2008-09-22,9.959999999999999,65.282,4261.739524,278214.87960576796,18162423.770423744,-0.99,-0.13,6100
2008-10-06,10.45,61.94299999999999,3836.9352489999987,237671.2801288069,14722072.105018683,-0.99,0.11,6114
2008-10-27,10.73,55.71999999999999,3104.7183999999993,172994.90924799992,9639276.343298554,-0.89,0.45,6135
2008-11-10,9.61,51.94,2697.7635999999998,140121.84138399997,7277928.441484959,-0.76,0.65,6149
2008-11-24,8.91,52.675,2774.655625,146154.98504687496,7698713.837344139,-0.58,0.81,6163
2008-12-10,6.25,56.699999999999996,3214.8899999999994,182284.26299999995,10335517.712099997,-0.34,0.94,6179
2008-12-23,6.614,57.742999999999995,3334.254048999999,192529.83155140694,11117250.06327289,-0.12,0.99,6192
2009-01-05,4.92,57.113,3261.894769,186296.595941897,10639957.484029563,0.09,1.0,6205
2009-01-19,4.640000000000001,53.928000000000004,2908.2291840000003,156834.98343475204,8457796.98666931,0.32,0.95,6219
2009-02-05,0.020000000000000462,65.67399999999999,4313.074275999999,283256.8400020239,18602609.710292917,0.58,0.81,6236
2009-02-16,-1.0299999999999994,67.73899999999999,4588.572120999998,310825.28690441884,21054994.109618425,0.72,0.69,6247
2009-03-03,-0.75,68.64899999999999,4712.685200999998,323521.1263634488,22209401.803724393,0.88,0.48,6262
2009-03-16,0.16000000000000103,68.88,4744.4544,326798.01907199994,22509847.553679354,0.96,0.28,6275
2009-03-30,1.1399999999999997,68.79599999999999,4732.889615999999,325603.87402233586,22400244.11724062,1.0,0.04,6289
2009-04-14,0.9300000000000006,68.236,4656.151696000001,317717.16712825606,21679748.616163682,0.98,-0.22,6304
2009-04-27,1.42,67.69699999999999,4582.883808999998,310247.48521787283,21002824.006794333,0.9,-0.43,6317
2009-05-11,2.8200000000000003,67.99099999999999,4622.776080999998,314307.1685232708,21370058.6950657,0.77,-0.63,6331
2009-05-27,2.6800000000000006,68.53699999999999,4697.320368999999,321940.2461301529,22064818.649022285,0.57,-0.82,6347
2009-06-08,4.01,68.86599999999999,4742.525955999998,326598.7924858958,22491552.443333697,0.39,-0.92,6359
2009-06-22,5.9,70.32199999999999,4945.183683999999,347755.2070262478,24454841.668499798,0.16,-0.99,6373
2009-07-06,5.9,70.819,5015.330761,355180.709163259,25153542.642232843,-0.08,-1.0,6387
2009-07-21,7.58,69.755,4865.760025,339411.09054387495,23675620.620887995,-0.33,-0.94,6402
2009-08-03,7.72,69.23,4792.7929,331805.05246700003,22970863.782290414,-0.53,-0.85,6415
2009-08-18,11.43,65.975,4352.7006249999995,287169.4237343749,18946002.730875384,-0.73,-0.68,6430
2009-08-31,12.27,63.931,4087.172761,261297.04178349097,16704981.17826036,-0.86,-0.5,6443
2009-09-15,13.39,61.201,3745.562401,229232.164503601,14029237.699784886,-0.96,-0.27,6458
2009-09-28,13.32,59.059,3487.9654809999997,205995.75334237897,12165903.19664756,-1.0,-0.05,6471
2009-10-14,12.55,59.016999999999996,3483.0062889999995,205556.58215791296,12131332.809213549,-0.97,0.23,6487
2009-10-26,11.219999999999999,59.332,3520.286224,208865.622242368,12392415.098884178,-0.91,0.42,6499
2009-11-11,9.68,59.401999999999994,3528.597603999999,209605.75487280794,12451001.050954536,-0.76,0.65,6515
2009-11-23,6.88,64.967,4220.711088999999,274206.937319063,17814402.096807566,-0.61,0.79,6527
2009-12-07,4.08,68.607,4706.920449,322927.691244543,22155100.113214362,-0.4,0.92,6541
2009-12-21,3.17,66.402,4409.225604,292781.398556808,19441270.426969167,-0.17,0.99,6555
2010-01-06,-1.8699999999999992,74.19999999999999,5505.6399999999985,408518.48799999984,30312071.80959998,0.1,0.99,6571
2010-01-18,-2.639999999999999,75.551,5707.953601,431241.60250915104,32580734.31116887,0.3,0.95,6583
2010-02-01,-2.92,72.89099999999999,5313.097880999999,387277.01764397084,28229009.093086675,0.52,0.85,6597
2010-02-15,-1.6600000000000001,69.286,4800.549796,332610.893165656,23045278.343875643,0.71,0.7,6611
2010-03-02,-4.459999999999999,74.66199999999999,5574.414243999999,416196.91628552787,31074094.163710076,0.87,0.5,6626
2010-03-15,-2.5,71.267,5078.985288999999,361964.04459116294,25796091.565878406,0.96,0.29,6639
2010-03-30,-4.6,75.32,5673.102399999999,427298.0727679999,32184090.840885747,1.0,0.04,6654
2010-04-12,-3.2699999999999996,74.97699999999999,5621.550528999998,421486.9940128328,31601830.350100163,0.98,-0.18,6667
2010-05-04,0.5100000000000007,71.267,5078.985288999999,361964.04459116294,25796091.565878406,0.85,-0.53,6689
2010-05-17,1.2100000000000009,69.09,4773.4281,329796.14742900006,22785615.825869616,0.71,-0.71,6702
2010-05-31,5.41,65.24699999999999,4257.171008999998,277767.6368242228,18123504.999870062,0.52,-0.86,6716
2010-06-14,5.9,65.73,4320.432900000001,283982.05451700004,18666140.443402413,0.3,-0.95,6730
2010-06-28,8.21,65.681,4313.993761,283347.424216241,18610542.169946924,0.06,-1.0,6744
2010-07-12,10.59,62.23,3872.5728999999997,240990.21156699996,14996820.865814406,-0.18,-0.98,6758
2010-07-27,12.27,62.593999999999994,3918.008835999999,245243.84508058394,15350793.238974068,-0.43,-0.91,6773
2010-08-09,13.739999999999998,61.767999999999994,3815.285823999999,235662.57477683193,14556405.918815352,-0.62,-0.79,6786
2010-08-23,14.37,61.432,3773.890624,231837.64881356803,14242250.441915112,-0.79,-0.62,6800
2010-09-06,15.21,58.855999999999995,3464.0287359999993,203878.87528601594,11999495.083833754,-0.91,-0.41,6814
2010-09-20,15.07,57.05,3254.7025,185680.77762499996,10593088.363506248,-0.98,-0.18,6828
2010-10-04,13.39,58.897999999999996,3468.9744039999996,204315.65444679197,12033783.415607153,-1.0,0.06,6842
2010-10-18,12.059999999999999,60.31199999999999,3637.537343999999,219387.1522913279,13231677.928994566,-0.96,0.29,6856
2010-11-02,9.19,63.413,4021.2085689999994,254996.89898599696,16170118.355399024,-0.85,0.53,6871
2010-11-15,7.44,65.28899999999999,4262.653520999998,278304.38573256886,18170215.040093683,-0.71,0.7,6884
2010-11-29,6.25,63.42699999999999,4022.984328999999,255165.82703548291,16184402.911379572,-0.52,0.85,6898
2010-12-13,3.8000000000000007,66.871,4471.730640999999,299029.0996943109,19996374.925658263,-0.3,0.95,6912
2011-01-03,4.15,61.788999999999994,3817.880520999999,235903.01951206895,14576211.672631226,0.05,1.0,6933
2011-01-18,0.08999999999999986,70.38499999999999,4954.048224999999,348690.6843166249,24542593.815625638,0.3,0.95,6948
2011-01-31,0.5100000000000007,66.99699999999999,4488.5980089999985,300722.6008089728,20147512.086398747,0.51,0.86,6961
2011-02-14,1.1399999999999997,65.408,4278.206464,279828.928397312,18303050.548611384,0.7,0.71,6975
2011-02-28,-0.6799999999999997,70.231,4932.3933609999995,346406.9181363909,24328504.26763687,0.85,0.53,6989
2011-03-15,-0.75,69.62199999999999,4847.222883999998,337473.3516298478,23495569.68717326,0.96,0.29,7004
2011-03-28,-0.6799999999999997,70.77,5008.3929,354443.96553299995,25083999.440770403,1.0,0.07,7017
2011-04-12,1.1399999999999997,71.253,5076.990009,361750.769111277,25775827.55148582,0.98,-0.18,7032
2011-04-26,3.3100000000000005,69.181,4786.010761,331101.010456741,22905899.004407797,0.91,-0.41,7046
2011-05-10,3.45,69.482,4827.748324,335441.609048168,23307153.87988481,0.79,-0.62,7060
2011-05-23,6.25,67.508,4557.330064,307656.23796051193,20769257.31223824,0.63,-0.78,7073
2011-06-06,7.51,66.619,4438.091161,295661.195054659,19696653.153346326,0.43,-0.91,7087
2011-06-20,7.86,66.276,4392.508175999999,291117.87187257595,19294128.07622684,0.2,-0.98,7101
2011-07-05,10.52,62.58,3916.2563999999998,245079.32551199998,15337064.190540958,-0.06,-1.0,7116
2011-07-18,11.08,61.915,3833.467225,237349.12323587498,14695470.9651492,-0.28,-0.96,7129
2011-08-01,12.69,62.034,3848.2171559999997,238720.303055304,14808775.279732727,-0.5,-0.87,7143
2011-08-16,13.6,61.92199999999999,3834.3340839999987,237429.6351494479,14702117.86772411,-0.71,-0.71,7158
2011-08-30,13.18,60.928,3712.2211839999995,226178.21229875198,13780586.118938359,-0.85,-0.52,7172
2011-09-15,13.46,59.114999999999995,3494.5832249999994,206582.28734587494,12212111.916451396,-0.96,-0.27,7188
2011-09-27,13.879999999999999,58.330999999999996,3402.5055609999995,198471.55187869095,11577044.092635922,-1.0,-0.06,7200
2011-10-10,13.95,57.44899999999999,3300.387600999999,189603.96728984892,10892558.316834528,-0.99,0.16,7213
2011-10-28,13.18,54.998999999999995,3024.8900009999993,166365.92516499895,9149959.518149776,-0.89,0.45,7231
2011-11-07,11.57,56.882,3235.5619239999996,184045.23336096798,10468860.96403858,-0.8,0.6,7241
2011-11-21,9.75,58.359,3405.7728810000003,198757.49956227903,11599288.91695504,-0.64,0.77,7255
2011-12-05,10.309999999999999,58.282,3396.7915239999998,197971.80360176796,11538192.65751824,-0.43,0.9,7269
2011-12-19,6.25,61.690999999999995,3805.7794809999996,234782.34196237093,14483957.458000625,-0.21,0.98,7283
2012-01-03,4.290000000000001,63.132999999999996,3985.7756889999996,251633.97657363696,15886407.84302342,0.05,1.0,7298
2012-01-16,4.290000000000001,61.12399999999999,3736.1433759999986,228368.02771462387,13958767.326028667,0.27,0.96,7311
2012-01-30,4.57,58.449999999999996,3416.4024999999997,199688.72612499996,11671806.042006247,0.49,0.87,7325
2012-02-13,4.08,57.19699999999999,3271.496808999999,187119.8029843729,10702691.371297173,0.69,0.73,7339
2012-02-27,4.57,55.943999999999996,3129.7311359999994,175089.67867238395,9795216.983647848,0.84,0.54,7353
2012-03-14,6.46,53.696999999999996,2883.3678089999994,154828.20123987296,8313809.921977458,0.96,0.29,7369
2012-03-28,7.23,52.940999999999995,2802.7494809999994,148380.36027362096,7855404.653245767,1.0,0.06,7383
2012-04-10,7.16,52.521,2758.455441,144876.838216761,7609076.419982505,0.99,-0.17,7396
2012-04-23,5.550000000000001,56.958999999999996,3244.3276809999998,184793.66038207896,10525662.101702835,0.92,-0.38,7409
2012-05-07,3.380000000000001,63.49699999999999,4031.869008999999,256011.5864644729,16255967.705734635,0.81,-0.59,7423
2012-05-21,4.220000000000001,66.794,4461.4384359999995,297997.31889418396,19904432.91821812,0.64,-0.77,7437
2012-06-04,7.0200000000000005,64.505,4160.895025,268398.53358762496,17313047.409069747,0.44,-0.9,7451
2012-06-20,7.0200000000000005,64.309,4135.647481,265959.353855629,17103580.087101642,0.18,-0.98,7467
2012-07-02,8.91,63.994,4095.232036,262070.278911784,16770925.428680705,-0.03,-1.0,7479
2012-07-17,9.959999999999999,64.19699999999999,4121.254808999998,264572.19497337285,16984741.200705614,-0.28,-0.96,7494
2012-07-31,11.709999999999999,64.49799999999999,4159.992003999999,268311.1642739919,17305533.473343927,-0.5,-0.87,7508
2012-08-13,11.709999999999999,64.533,4164.508089,268748.200507437,17343127.623346433,-0.68,-0.73,7521
2012-08-28,11.709999999999999,65.52,4292.8704,281268.86860799993,18428736.271196157,-0.85,-0.53,7536
2012-09-12,12.34,65.25399999999999,4258.084515999999,277857.04700706387,18131283.745398942,-0.95,-0.3,7551
2012-09-24,12.34,64.253,4128.448009,265265.169922277,17044082.963016063,-1.0,-0.1,7563
2012-10-08,11.709999999999999,62.65,3925.0225,245902.65962499997,15405801.625506248,-0.99,0.14,7577
2012-10-22,10.1,60.634,3676.481956,222919.806920104,13516519.572793586,-0.93,0.37,7591
2012-11-05,9.54,59.464999999999996,3536.0862249999996,210273.36736962496,12503905.790634748,-0.81,0.58,7605
2012-11-19,9.33,55.853,3119.557609,174236.651135477,9731639.675869798,-0.65,0.76,7619
2012-12-03,9.4,47.88,2292.4944,109764.63187200001,5255530.574031361,-0.45,0.89,7633
2012-12-12,8.84,48.355999999999995,2338.3027359999996,113070.96710201596,5467659.685185083,-0.3,0.95,7642
2013-01-03,2.54,66.388,4407.366544,292596.25012307207,19424879.85317051,0.05,1.0,7664
2013-01-14,2.54,64.344,4140.150335999999,266393.8332195839,17140844.804680906,0.24,0.97,7675
2013-01-29,-2.01,72.219,5215.583960999999,376664.2580794589,27202316.05424044,0.48,0.88,7690
2013-02-13,-3.129999999999999,73.493,5401.221048999999,396951.9385541569,29173188.820160653,0.69,0.73,7705
2013-02-25,-2.5699999999999985,71.834,5160.1235560000005,370672.31552170403,26626875.11318609,0.82,0.57,7717
2013-03-19,-3.129999999999999,72.982,5326.372324,388729.304950168,28370242.13387316,0.97,0.23,7739
2013-04-02,-4.109999999999999,75.06099999999999,5634.153720999999,422905.21245198086,31743688.151858132,1.0,-0.01,7753
2013-04-15,-4.389999999999999,75.65599999999999,5723.830335999999,433042.10790041584,32762233.71531386,0.97,-0.23,7766
2013-04-29,-1.6600000000000001,73.54899999999999,5409.455400999999,397860.03528814885,29262207.73540806,0.89,-0.46,7780
2013-05-13,0.020000000000000462,72.37299999999999,5237.851128999999,379078.99975911685,27435084.44956656,0.75,-0.66,7794
2013-05-27,0.020000000000000462,72.695,5284.563024999999,384161.3091023749,27926606.36519714,0.57,-0.82,7808
2013-06-11,0.79,72.49199999999999,5255.090063999998,380951.98891948786,27615971.58075151,0.35,-0.94,7823
2013-06-25,2.8900000000000006,71.55399999999999,5119.974915999998,366354.6851394638,26214143.14046919,0.11,-0.99,7837
2013-07-09,9.05,66.871,4471.730640999999,299029.0996943109,19996374.925658263,-0.13,-0.99,7851
2013-07-22,10.94,63.083999999999996,3979.5910559999993,251048.52217670396,15837144.972995192,-0.35,-0.94,7864
2013-08-05,11.43,62.748,3937.311504,247058.42225299196,15502421.879530739,-0.56,-0.83,7878
2013-08-19,13.32,62.69899999999999,3931.164600999999,246480.0893180989,15454055.12015548,-0.74,-0.67,7892
2013-09-04,14.16,61.96399999999999,3839.537295999999,237913.0890093439,14742046.647374984,-0.9,-0.44,7908
2013-09-17,14.16,60.395999999999994,3647.6768159999992,220305.08897913594,13305546.153983893,-0.97,-0.23,7921
2013-10-01,13.669999999999998,58.44299999999999,3415.584248999999,199616.9902643069,11666215.762016887,-1.0,0.0,7935
2013-10-14,12.969999999999999,58.715999999999994,3447.5686559999995,202427.44120569594,11885729.637833642,-0.97,0.23,7948
2013-10-29,9.05,66.388,4407.366544,292596.25012307207,19424879.85317051,-0.88,0.47,7963
2013-11-11,6.25,69.244,4794.731536,332006.390478784,22989450.502312917,-0.76,0.65,7976
2013-11-26,6.95,62.727,3934.6765289999994,246810.45463458297,15481679.387863485,-0.57,0.82,7991
2013-12-09,7.23,57.526,3309.2406760000003,190367.37912757604,10951073.85169294,-0.37,0.93,8004
2013-12-23,6.6,57.028999999999996,3252.3068409999996,185475.80683538897,10577499.788015397,-0.14,0.99,8018
2014-01-06,-1.4499999999999993,74.05999999999999,5484.883599999998,406210.4794159998,30083948.10554894,0.1,0.99,8032
2014-01-21,-2.3599999999999994,73.86399999999999,5455.890495999998,402993.89559654385,29766741.10434311,0.35,0.94,8047
2014-02-03,-4.039999999999999,75.082,5637.306723999999,423260.2634513679,31779227.1004556,0.55,0.83,8060
2014-02-18,-4.879999999999999,75.55799999999999,5709.011363999999,431361.48064111185,32592810.75428113,0.75,0.66,8075
2014-03-05,-5.299999999999999,75.91499999999999,5763.087224999998,437504.76668587484,33213174.362958185,0.89,0.45,8090
2014-03-18,-2.1499999999999986,73.57,5412.544899999999,398200.9282929999,29295642.294516,0.97,0.24,8103
2014-03-31,-1.8699999999999992,71.49099999999999,5110.963080999998,365387.8616237708,26121943.61534499,1.0,0.02,8116
2014-04-15,-1.6600000000000001,74.417,5537.889889,412113.15186971304,30668224.422688436,0.97,-0.23,8131
2014-04-28,-2.1499999999999986,75.07499999999999,5636.255624999998,423141.8910468748,31767377.470344122,0.9,-0.44,8144
2014-05-13,1.3500000000000005,72.702,5285.580804,384272.29561240796,27937364.435613282,0.75,-0.66,8159
2014-05-26,0.79,72.94,5320.2436,388058.568184,28304991.963340957,0.59,-0.81,8172
2014-06-11,2.12,72.03,5188.3209,373714.754427,26918673.761376813,0.35,-0.94,8188
2014-06-23,5.2,69.972,4896.080783999999,342588.5646180479,23971607.043454047,0.15,-0.99,8200
2014-07-08,5.9,69.132,4779.233424000001,330397.96506796806,22841072.12107877,-0.11,-0.99,8215
2014-07-21,8.07,68.089,4636.111921,315668.22458896897,21493533.74403831,-0.33,-0.94,8228
2014-08-05,9.68,66.57,4431.564899999999,295009.27539299993,19638767.462912,-0.56,-0.83,8243
2014-08-19,10.52,65.30999999999999,4265.396099999998,278573.01929099986,18193603.889895197,-0.74,-0.67,8257
2014-09-02,12.55,62.187999999999995,3867.3473439999993,240502.59662867195,14956375.47914385,-0.88,-0.47,8271
2014-09-16,12.969999999999999,58.568999999999996,3430.3277609999996,200910.86663400894,11767148.54788727,-0.97,-0.25,8285
2014-09-30,12.48,56.994,3248.316036,185134.524155784,10551557.069734754,-1.0,-0.01,8299
2014-10-14,11.709999999999999,57.20399999999999,3272.2976159999994,187188.51282566393,10707931.687679278,-0.97,0.23,8313
2014-10-29,9.959999999999999,63.958999999999996,4090.7536809999997,261640.51468307895,16734265.678615045,-0.88,0.47,8328
2014-11-10,7.23,66.003,4356.396009,287535.205782027,18978186.187231127,-0.77,0.64,8340
2014-11-25,4.220000000000001,70.28699999999999,4940.262368999999,347236.2211299029,24406192.274557482,-0.58,0.81,8355
2014-12-09,3.24,69.111,4776.330321,330096.96481463104,22813331.33530397,-0.37,0.93,8369
2014-12-22,3.3100000000000005,66.444,4414.805136,293337.312456384,19490504.38885198,-0.15,0.99,8382
2015-01-05,4.640000000000001,60.165,3619.827225,217786.904992125,13103149.1388512,0.09,1.0,8396
2015-01-20,4.941000000000001,57.147999999999996,3265.8939039999996,186639.30482579197,10666062.992184358,0.34,0.94,8411
2015-02-02,2.8900000000000006,62.17399999999999,3865.606275999999,240340.20460402392,14942911.881050581,0.54,0.84,8424
2015-02-18,0.6500000000000004,65.05799999999999,4232.543363999999,275360.8061751119,17914423.32814043,0.75,0.66,8440
2015-03-02,-0.33000000000000007,67.809,4598.0604809999995,311789.883156129,21142160.18693395,0.87,0.5,8452
2015-03-17,0.5100000000000007,67.59899999999999,4569.624800999999,308902.06692279887,20881470.821914278,0.97,0.26,8467
2015-03-30,1.7000000000000002,65.751,4323.194001000001,284254.32875975105,18690006.370282393,1.0,0.04,8480
2015-04-14,4.36,63.36399999999999,4014.996495999999,254406.2379725439,16120196.862892268,0.98,-0.22,8495
2015-04-27,4.220000000000001,63.398999999999994,4019.4332009999994,254828.04551019892,16155843.2573011,0.9,-0.43,8508
2015-05-12,4.08,67.389,4541.277321,306032.1373848689,20623199.70622893,0.76,-0.65,8523
2015-05-25,5.34,67.193,4514.899249,303369.625238057,20384315.22862076,0.6,-0.8,8536
2015-06-09,8.91,64.687,4184.407969,270676.798290703,17509270.051030703,0.38,-0.93,8551
2015-06-22,10.45,63.251999999999995,4000.8155039999992,253059.58225900793,16006524.69704677,0.16,-0.99,8564
2015-07-07,12.059999999999999,61.684,3804.9158559999996,234702.42966150396,14477384.67124021,-0.09,-1.0,8579
2015-07-20,13.6,60.963,3716.487369,226568.219476347,13812278.363936543,-0.31,-0.95,8592
2015-08-05,14.3,60.473,3656.983729,221148.77704381698,13373529.994170744,-0.56,-0.83,8608
2015-08-17,13.81,60.19299999999999,3623.197248999999,218091.1120090569,13127558.30516116,-0.72,-0.7,8620
2015-09-01,14.44,59.129,3496.238641,206729.09460368898,12223684.634821525,-0.87,-0.49,8635
2015-09-14,13.6,59.163999999999994,3500.3788959999993,207096.41700294393,12252652.415562173,-0.96,-0.28,8648
2015-09-29,12.969999999999999,61.29899999999999,3757.567400999999,230335.12411389893,14119312.773057887,-1.0,-0.03,8663
2015-10-12,11.08,63.161,3989.311921,251968.93024228103,15914609.603032712,-0.98,0.19,8676
2015-10-27,10.828,59.92699999999999,3591.245328999999,215212.55883098292,12897043.013064312,-0.9,0.44,8691
2015-11-09,9.61,63.04899999999999,3975.1764009999993,250630.8969066489,15802027.419067305,-0.78,0.63,8704
2015-11-25,7.93,62.971999999999994,3965.472783999999,249713.75215404792,15724974.400644705,-0.58,0.81,8720
2015-12-07,7.16,62.482,3904.000324,243929.748244168,15241218.529792104,-0.4,0.92,8732
2015-12-22,5.550000000000001,64.428,4150.967184,267438.513730752,17230528.562644888,-0.15,0.99,8747
2016-01-04,3.380000000000001,67.99799999999999,4623.728003999999,314404.2568159919,21378860.654973812,0.07,1.0,8760
2016-01-19,-0.8199999999999985,73.073,5339.663328999999,390185.2184400169,28512004.467067353,0.32,0.95,8775
2016-02-10,-1.6600000000000001,74.15799999999999,5499.408963999998,407825.1699523118,30243498.953323532,0.65,0.76,8797
2016-02-23,-2.289999999999999,73.633,5421.818689,399224.7755271369,29396117.89638967,0.8,0.6,8810
2016-03-07,-2.3599999999999994,72.646,5277.441316,383385.00184213603,27851386.843823813,0.91,0.41,8823
2016-03-22,-1.7300000000000004,72.34499999999998,5233.7990249999975,378639.1904636248,27392652.234090928,0.99,0.16,8838
2016-04-04,-3.549999999999999,75.166,5649.927556,424682.45467429596,31921681.388048127,1.0,-0.06,8851
2016-04-20,-2.7799999999999994,74.725,5583.8256249999995,417251.3698281249,31179108.61040663,0.94,-0.33,8867
2016-05-02,-2.219999999999999,75.544,5706.895936,431121.7465891839,32568661.224333312,0.85,-0.52,8879
2016-05-17,-2.08,75.82399999999998,5749.278975999998,435933.3290762237,33054208.74387558,0.69,-0.72,8894
2016-05-30,-1.8699999999999992,76.069,5786.492761,440172.71783650905,33483498.47310541,0.52,-0.86,8907
2016-06-14,0.3000000000000007,75.92899999999999,5765.213040999998,437746.8609900888,33237681.408116445,0.28,-0.96,8922
2016-06-27,1.9800000000000004,75.64899999999999,5722.771200999998,432921.91858444875,32750110.21899496,0.06,-1.0,8935
2016-07-12,2.54,74.487,5548.313168999999,413277.2030193029,30783779.021298815,-0.2,-0.98,8950
2016-07-25,7.23,72.66,5279.4756,383606.69709599996,27872862.610995356,-0.41,-0.91,8963
2016-08-09,10.03,70.931,5031.2067609999995,356868.52676449093,25313041.471932106,-0.63,-0.78,8978
2016-08-22,9.959999999999999,69.839,4877.4859209999995,340638.739236719,23789868.909553215,-0.79,-0.62,8991
2016-09-06,12.2,67.375,4539.390625,305841.443359375,20606067.24633789,-0.92,-0.4,9006
2016-09-19,11.43,65.84899999999999,4336.0908009999985,285527.24315504887,18801683.43451681,-0.98,-0.18,9019
2016-10-03,12.059999999999999,62.705999999999996,3932.0424359999993,246562.65299181596,15460957.71850481,-1.0,0.06,9033
2016-10-17,11.709999999999999,59.171,3501.207241,207169.933657211,12258452.144430831,-0.96,0.29,9047
2016-11-02,11.85,55.74099999999999,3107.059080999999,173190.58023402092,9653816.132824559,-0.84,0.54,9063
2016-11-14,10.66,53.963,2912.005369,157140.545727347,8479775.269084826,-0.71,0.7,9075
2016-11-30,8.77,55.188,3045.715344,168086.93840467202,9276381.95667704,-0.49,0.87,9091
2016-12-12,8.56,54.614,2982.688996,162896.57682754396,8896433.646859486,-0.3,0.95,9103
2016-12-28,7.37,54.292,2947.6212640000003,160032.253665088,8688471.11598496,-0.03,1.0,9119
2017-01-09,6.8100000000000005,53.70399999999999,2884.1196159999995,154888.75985766394,8318145.959395983,0.15,0.99,9131
2017-01-24,5.62,54.187,2936.2309689999997,159105.54751720297,8621452.303314678,0.4,0.92,9146
2017-02-06,2.4699999999999998,62.986,3967.236196,249880.33904125597,15738963.034852548,0.59,0.8,9159
2017-02-21,2.4699999999999998,65.667,4312.154889,283166.27509596304,18594679.786726605,0.78,0.63,9174
2017-03-06,1.2100000000000009,65.996,4355.472016,287443.73116793594,18970136.4821591,0.9,0.44,9187
2017-03-20,2.2600000000000007,66.871,4471.730640999999,299029.0996943109,19996374.925658263,0.98,0.21,9201
2017-04-03,0.7200000000000006,68.509,4693.483081,321545.83239622903,22028783.431633253,1.0,-0.03,9215
2017-04-17,0.6640000000000006,68.85199999999999,4740.597903999998,326399.64688620786,22473268.48740918,0.96,-0.27,9229
2017-05-02,3.24,68.348,4671.449104,319284.203360192,21822436.7312624,0.86,-0.5,9244
2017-05-17,3.66,70.945,5033.193024999999,357079.8791586249,25333032.02690864,0.71,-0.71,9259
2017-05-29,4.36,71.771,5151.076441,369697.907247011,26533588.501025226,0.55,-0.84,9271
2017-06-13,5.9,72.14899999999999,5205.478200999998,375570.0467239488,27097003.301086176,0.31,-0.95,9286
2017-06-26,8.28,70.791,5011.365680999999,354759.58792367094,25113785.98870459,0.09,-1.0,9299
2017-07-13,9.12,69.92999999999999,4890.204899999999,341972.0286569999,23914103.963984,-0.2,-0.98,9316
2017-07-24,10.03,68.97099999999999,4756.998840999999,328094.96706261084,22629037.97327533,-0.38,-0.93,9327
2017-08-07,12.2,66.584,4433.429056000001,295195.44026470406,19655293.194585055,-0.59,-0.81,9341
2017-08-21,13.6,65.527,4293.787729000001,281359.02851818304,18436613.06171098,-0.76,-0.65,9355
2017-09-05,13.95,62.853,3950.4996090000004,248300.75192447702,15606447.160709154,-0.9,-0.43,9370
2017-09-18,13.6,61.285,3755.8512249999994,230177.34232412497,14106418.424333997,-0.98,-0.22,9383
2017-10-05,11.724,61.376,3767.013376,231204.21296537598,14190389.774962915,-1.0,0.07,9400
2017-10-23,14.16,54.767999999999994,2999.533823999999,164278.46847283194,8997203.161320059,-0.93,0.37,9418
2017-11-09,12.69,51.946999999999996,2698.4908089999994,140178.50205512295,7281852.646257472,-0.78,0.63,9435
2017-11-21,12.48,49.763,2476.3561689999997,123230.91203794698,6132339.875744356,-0.64,0.77,9447
2017-12-05,10.8,49.818999999999996,2481.9327609999996,123647.40822025896,6159990.230125081,-0.43,0.9,9461
2017-12-18,8.21,55.727,3105.4985289999995,173060.11652558297,9644121.113621162,-0.22,0.98,9474
2018-01-04,7.23,57.812999999999995,3342.3429689999994,193230.87406679694,11171256.522423731,0.07,1.0,9491
2018-01-15,5.62,61.285,3755.8512249999994,230177.34232412497,14106418.424333997,0.26,0.97,9502
2018-01-30,4.5,63.784,4068.398656,259498.73987430398,16551867.624142606,0.49,0.87,9517
2018-02-12,2.4699999999999998,62.12499999999999,3859.515624999999,239772.4082031249,14895860.859619133,0.67,0.74,9530
2018-02-28,3.5900000000000007,59.717,3566.120089,212957.993354813,12717212.489169367,0.85,0.53,9546
2018-03-12,-0.46999999999999886,69.132,4779.233424000001,330397.96506796806,22841072.12107877,0.94,0.34,9558
2018-03-27,-4.109999999999999,74.68299999999999,5577.550488999999,416548.2031699869,31109069.457344126,1.0,0.09,9573
2018-04-09,-5.02,75.88,5757.774399999999,436899.9214719999,33151966.041295353,0.99,-0.13,9586
2018-04-24,-2.7799999999999994,75.264,5664.669695999999,426345.69999974396,32088482.764780726,0.92,-0.38,9601
2018-05-08,-1.3100000000000005,74.73899999999999,5585.918120999999,417485.9344454188,31202481.254516155,0.81,-0.59,9615
2018-05-24,0.4400000000000004,74.473,5546.227729,413044.217661817,30760642.021928497,0.62,-0.79,9631
2018-06-04,0.8600000000000012,73.465,5397.106225,396498.40881962504,29128755.603933755,0.46,-0.89,9642
